run,story,status,wall_s,wall_to_first_done_s,thinking_s,code_s,tools_s,compaction_s,thinking_chars,largest_thought_chars,calls,calls_with_long_thought,code_written_chars,test_runs,e2e_s,tokens_generated,decode_tok_s,drafts_accepted,compactions,nudges,toolcall_text_resumes,held_out_passed,held_out_total
v2-r1,1,DONE,3060,3060,1584,1055,175,112,234976,50223,124,75,136415,23,83,113324.0,42.1,0.746,1,0,1,6,6
v2-r1,2,DONE,4811,4811,2242,1943,117,268,328750,64067,207,125,226210,53,44,181533.0,41.9,0.743,2,0,2,20,20
v2-r1,3,DONE,2685,2685,874,1133,358,98,141029,12514,209,74,129612,78,192,97040.0,47.1,0.787,1,0,0,25,27
v2-r1,4,DONE,2822,2822,566,1353,624,84,96994,22339,190,35,202958,53,466,96391.0,49.2,0.817,1,0,0,29,31
v2-r1,5,DONE,1945,1945,387,956,320,82,67146,5352,207,36,139171,67,81,67854.0,49.0,0.813,1,0,3,0,36
v2-r1,7,DONE,1710,1710,260,1100,131,75,45462,4815,120,19,176233,22,38,71006.0,51.1,0.829,1,0,1,0,44
v2-r1,8,DONE,2099,2099,382,1168,320,82,65069,6665,145,26,148887,55,238,78820.0,49.8,0.824,1,0,0,0,51
v2-r1,9,DONE,2051,2051,246,1376,160,64,42822,4290,189,23,210758,35,0,85849.0,52.0,0.848,1,0,0,0,57
v2-r1,10,PARTIAL,12224,1943,1664,4126,5138,591,269268,11219,672,148,510803,171,4692,306063.0,50.2,0.826,5,5,0,57,65
v2-r1,11,DONE,3881,3881,1526,461,1436,166,219574,7744,239,145,29815,75,1175,82028.0,39.8,0.705,2,0,0,63,70
v2-r1,12,DONE,2581,2581,934,689,462,239,151682,17478,186,67,93848,45,315,80710.0,45.4,0.774,2,1,0,67,75
v2-r2,1,DONE,2112,2112,1194,768,73,0,180559,30497,97,53,99819,24,23,81882.0,41.7,0.734,0,0,0,6,6
v2-r2,2,DONE,1067,1067,119,825,43,0,20916,4640,101,13,132474,14,10,51019.0,54.1,0.859,0,0,0,19,20
v2-r2,3,DONE,2258,2258,528,1089,356,72,90377,10090,239,57,162326,80,120,80848.0,49.2,0.807,1,0,0,24,27
v2-r2,4,DONE,7302,7302,3915,1452,1155,490,573797,67893,242,136,148961,43,112,223230.0,39.3,0.717,3,0,0,28,31
v2-r2,5,DONE,2887,2887,1443,834,302,139,217614,41229,149,76,92507,39,103,99294.0,41.9,0.74,1,0,1,31,36
v2-r2,7,DONE,2925,2925,701,1443,492,85,117831,11538,210,54,214189,36,258,107865.0,49.5,0.817,1,0,0,36,44
v2-r2,8,DONE,1659,1659,393,928,129,89,66674,11317,113,30,128039,37,54,67257.0,49.7,0.818,1,0,0,43,51
v2-r2,9,DONE,1792,1792,202,1127,165,97,34689,2658,212,20,165738,29,5,72079.0,52.1,0.844,1,0,0,48,57
v2-r2,10,DONE,1607,1607,185,1067,129,77,33212,3956,138,21,175556,13,0,68304.0,53.4,0.855,1,0,1,50,65
v2-r2,11,DONE,1938,1938,508,960,192,81,86508,9973,187,43,144023,35,112,73798.0,49.1,0.811,1,0,0,57,70
v2-r2,12,DONE,1477,1477,191,855,219,73,32411,4199,117,15,130439,19,0,55921.0,51.8,0.842,1,0,0,58,75
v2-r3,1,DONE,1689,1689,271,644,689,0,46160,7809,112,27,85353,43,632,46899.0,51.3,0.826,0,2,0,6,6
v2-r3,2,DONE,5810,5810,2647,1538,1034,289,390063,30738,179,111,197653,50,997,181687.0,41.8,0.746,2,0,1,19,20
v2-r3,3,DONE,2313,2313,393,1021,635,83,66636,6231,195,44,141257,62,1,72358.0,49.8,0.816,1,0,0,24,27
v2-r3,4,DONE,4032,4032,1293,1493,783,218,203098,9301,211,108,194814,54,349,125534.0,43.4,0.763,2,0,0,28,31
v2-r3,5,DONE,2353,2353,542,921,589,61,90841,22282,201,48,129859,61,270,71113.0,47.6,0.807,1,0,0,33,36
v2-r3,7,DONE,2998,2998,810,1410,382,190,129867,8231,199,69,171599,49,113,112288.0,48.7,0.812,2,0,0,38,44
v2-r3,8,DONE,1346,1346,251,670,319,0,40954,7987,113,17,91891,29,76,45147.0,49.0,0.813,0,0,0,45,51
v2-r3,9,DONE,1940,1940,328,1061,261,86,55181,9107,207,31,150641,33,90,71811.0,50.4,0.836,1,0,0,51,57
v2-r3,10,DONE,3151,3151,276,1284,1326,77,46579,3973,192,30,198208,47,1097,81165.0,51.0,0.837,1,0,0,56,65
v2-r3,11,DONE,902,902,120,613,64,0,19437,3716,98,8,89241,20,0,37403.0,51.0,0.853,0,0,0,61,70
v2-r3,12,DONE,2125,2125,167,932,783,67,26863,1549,163,17,129089,39,404,57059.0,50.7,0.844,1,0,0,65,75
v2-r4,1,DONE,2070,2070,905,919,164,0,135944,34632,98,47,123899,18,88,79258.0,43.5,0.758,0,0,0,6,6
v2-r4,2,DONE,3101,3101,1254,1423,147,101,188366,10212,150,88,171323,36,104,116950.0,42.9,0.756,1,0,0,19,20
v2-r4,3,DONE,2349,2349,539,1154,339,90,91353,9115,247,55,163414,71,72,85153.0,49.0,0.804,1,0,0,23,27
v2-r4,4,PARTIAL,5532,3436,1218,1833,1943,209,198672,11486,301,102,217435,105,1216,148372.0,47.2,0.792,2,5,0,27,31
v2-r4,5,DONE,1930,1930,344,893,459,79,58592,8890,136,26,134438,42,207,62213.0,48.9,0.814,1,0,0,32,36
v2-r4,7,DONE,1782,1782,270,1000,280,70,45765,4979,116,20,159587,21,91,66313.0,51.0,0.834,1,0,0,38,44
v2-r4,8,DONE,2385,2385,629,1227,278,90,102995,11107,150,35,176630,34,101,93327.0,49.3,0.817,1,0,0,45,51
v2-r4,9,DONE,1949,1949,279,1166,182,103,47721,3821,204,39,167301,35,0,76342.0,50.7,0.836,1,0,1,48,57
v2-r4,10,DONE,2027,2027,438,1212,140,54,74186,5711,151,40,192420,23,0,85030.0,50.7,0.829,1,0,0,56,65
v2-r4,11,DONE,1515,1515,373,689,208,79,61543,9765,152,19,95569,29,81,52850.0,48.4,0.807,1,0,0,61,70
v2-r4,12,DONE,2000,2000,336,944,465,77,55301,4743,167,25,118412,35,210,66191.0,50.3,0.825,1,0,0,65,75
v2-r5,1,DONE,2224,2224,1081,837,216,0,161450,65605,93,45,109118,23,128,83216.0,43.4,0.76,0,0,0,6,6
v2-r5,2,DONE,2503,2503,970,1263,33,100,153310,20671,119,66,175354,18,5,99126.0,43.6,0.767,1,0,3,18,20
v2-r5,3,DONE,6834,6834,2033,2572,1489,376,334958,13525,377,97,264014,98,827,223290.0,46.5,0.792,3,1,0,22,27
v2-r5,4,DONE,1875,1875,284,946,420,55,49372,5474,152,37,144557,28,0,62966.0,50.1,0.823,1,0,0,26,31
v2-r5,5,DONE,3250,3250,674,1185,1048,100,112055,13487,253,70,148422,80,671,93769.0,49.2,0.814,1,0,3,31,36
v2-r5,7,DONE,2241,2241,560,1227,211,80,95026,23071,147,29,183338,33,0,90689.0,49.9,0.819,1,0,0,37,44
v2-r5,8,DONE,2293,2293,332,847,923,89,56592,8230,107,26,122561,29,832,59929.0,49.3,0.82,1,0,0,44,51
